City_ID,City,Lat,Lng,Max Temp,Humidity,Cloudiness,Wind Speed,Country,Date
0,adamstown,-25.066,-130.1015,296.99,66,100,2.68,PN,1682625647
1,avarua,-21.2078,-159.775,299.18,69,100,2.57,CK,1682625920
2,alice springs,-23.7,133.8833,289.9,88,100,3.08,AU,1682625920
3,albany,42.6001,-73.9662,288.58,48,26,0.89,US,1682625763
4,aykhal,66.0,111.5,261.16,100,95,1.76,RU,1682625921
5,san juan de miraflores,-12.1629,-76.9635,298.44,73,26,4.54,PE,1682625921
6,inhambane,-23.865,35.3833,298.15,83,20,4.12,MZ,1682625922
7,kirsanov,52.6549,42.7224,286.31,68,81,1.95,RU,1682625923
8,udachny,66.4167,112.4,258.23,100,57,1.54,RU,1682625763
9,papatowai,-46.5619,169.4708,281.8,93,6,1.07,NZ,1682625924
10,tofol,5.3248,163.0078,299.98,84,100,5.96,FM,1682625925
11,hamah,35.1318,36.7578,288.13,57,19,1.08,SY,1682625925
12,cidreira,-30.1811,-50.2056,294.58,65,3,4.42,BR,1682625926
13,blackmans bay,-43.0167,147.3167,284.67,89,2,4.1,AU,1682625673
14,enewetak,11.3474,162.3373,300.11,80,83,9.37,MH,1682625927
15,tura,25.5198,90.2201,298.81,41,74,1.07,IN,1682625928
16,petropavlovsk-kamchatsky,53.0452,158.6483,273.48,60,75,2.0,RU,1682625832
17,whitehorse,60.7161,-135.0538,278.72,55,75,7.72,CA,1682625833
18,belyy yar,53.6039,91.3903,282.09,81,40,4.0,RU,1682625931
19,anna regina,7.2644,-58.5077,300.92,74,43,3.59,GY,1682625932
20,port-vila,-17.7338,168.3219,294.93,94,40,4.12,VU,1682625933
21,puerto natales,-51.7236,-72.4875,280.4,70,40,9.77,CL,1682625933
22,benguela,-12.5763,13.4055,299.16,87,27,0.42,AO,1682625633
23,hermanus,-34.4187,19.2345,286.37,80,28,5.21,ZA,1682625934
24,prince rupert,54.3161,-130.3201,282.2,65,20,5.66,CA,1682625644
25,mitsamiouli,-11.3847,43.2844,300.66,77,10,3.38,KM,1682625935
26,tolanaro,-25.0319,46.9987,295.19,88,75,2.06,MG,1682625935
27,grytviken,-54.2811,-36.5092,275.85,88,46,3.67,GS,1682625935
28,pariaman,-0.619,100.12,298.16,92,100,1.65,ID,1682625936
29,port mathurin,-19.6833,63.4167,299.31,81,100,6.69,MU,1682625769
30,olonkinbyen,70.9221,-8.7187,271.66,95,100,10.56,SJ,1682625698
31,waitangi,-43.9535,-176.5597,284.16,77,99,0.89,NZ,1682625937
32,thompson,55.7435,-97.8558,278.24,52,20,5.66,CA,1682625831
33,atafu village,-8.5421,-172.5159,302.01,71,53,6.6,TK,1682625775
34,queenstown,-31.8976,26.8753,286.99,89,37,2.82,ZA,1682625868
35,kulhudhuffushi,6.6221,73.07,301.93,76,71,2.48,MV,1682625941
36,el hadjira,32.6134,5.5126,303.66,12,0,4.3,DZ,1682625942
37,jamestown,42.097,-79.2353,291.77,31,0,2.06,US,1682625856
38,stanley,54.868,-1.6985,282.19,81,100,5.95,GB,1682625943
39,kapuskasing,49.4169,-82.4331,279.15,65,100,8.23,CA,1682625944
40,yenisarbademli,37.7078,31.3864,279.72,90,100,1.1,TR,1682625945
41,hawaiian paradise park,19.5933,-154.9731,300.78,74,75,5.14,US,1682625945
42,edinburgh of the seven seas,-37.0676,-12.3116,290.19,83,83,8.14,SH,1682625672
43,woodstock,43.1334,-80.7497,288.52,49,34,1.34,CA,1682625803
44,ushuaia,-54.8,-68.3,280.94,65,40,9.77,AR,1682625945
45,bethel,41.3712,-73.414,287.23,78,100,2.57,US,1682625946
46,alaghsas,17.0187,8.0168,305.2,12,48,2.5,NE,1682625946
47,severo-yeniseyskiy,60.3725,93.0408,267.69,97,100,1.41,RU,1682625946
48,beyneu,45.3167,55.2,294.59,43,22,2.39,KZ,1682625946
49,kangasniemi,61.9936,26.6479,275.16,98,100,0.99,FI,1682625946
50,laayoune,27.1622,-13.2032,294.34,100,0,6.69,EH,1682625833
51,yellowknife,62.456,-114.3525,277.44,81,75,7.72,CA,1682625717
52,manokwari,-0.8667,134.0833,298.88,80,100,1.13,ID,1682625947
53,midvagur,62.0511,-7.1939,275.61,75,40,4.12,FO,1682625947
54,invercargill,-46.4,168.35,280.6,96,71,2.04,NZ,1682625947
55,vilyuchinsk,52.9306,158.4028,275.3,78,100,12.52,RU,1682625948
56,wailua homesteads,22.0669,-159.378,298.59,68,0,4.63,US,1682625948
57,lebu,-37.6167,-73.65,288.91,85,100,5.5,CL,1682625800
58,sur,22.5667,59.5289,300.19,62,9,3.74,OM,1682625948
59,iqaluit,63.7506,-68.5145,274.0,80,75,8.75,CA,1682625649
60,klyuchi,52.2667,79.1667,288.26,50,92,4.24,RU,1682625949
61,puerto rosario,-24.45,-57.0833,298.32,61,5,1.07,PY,1682625949
62,port-aux-francais,-49.35,70.2167,279.26,71,89,11.64,TF,1682625949
63,sao joao da barra,-21.6403,-41.0511,300.2,78,57,6.03,BR,1682625949
64,sinabang,2.4803,96.3801,299.74,83,100,1.04,ID,1682625846
65,tutoia,-2.7619,-42.2744,296.52,92,100,2.2,BR,1682625950
66,jatoi shimali,29.5165,70.8503,300.15,35,90,0.97,PK,1682625950
67,ghadamis,30.1337,9.5007,301.4,12,0,4.1,LY,1682625950
68,west island,-12.1568,96.8225,300.14,83,100,4.12,CC,1682625950
69,saipan,15.1355,145.701,300.54,89,40,8.23,MP,1682625950
70,longyearbyen,78.2186,15.6401,271.06,80,75,6.69,SJ,1682625673
71,peniche,39.3558,-9.3811,292.65,70,87,5.82,PT,1682625919
72,newman,37.3138,-121.0208,303.74,36,10,1.79,US,1682625951
73,golfito,8.639,-83.166,303.47,66,66,2.64,CR,1682625951
74,andergrove,-21.0833,149.1833,295.2,80,15,5.59,AU,1682625937
75,mili,6.0815,171.735,301.2,79,99,8.34,MH,1682625952
76,keetmanshoop,-26.5833,18.1333,295.07,21,3,2.31,NA,1682625952
77,beipiao,41.7919,120.7792,283.78,88,100,1.63,CN,1682625952
78,kingston,17.997,-76.7936,301.62,77,100,1.34,JM,1682625761
79,aras-asan,8.8908,126.3033,299.27,82,36,1.06,PH,1682625952
80,bikenibeu village,1.3673,173.1241,303.13,74,40,4.63,KI,1682625953
81,paramonga,-10.6667,-77.8333,298.59,74,43,4.51,PE,1682625953
82,ubinskoye,55.3068,79.6802,287.37,42,100,5.09,RU,1682625953
83,ilulissat,69.2167,-51.1,273.16,86,40,3.09,GL,1682625954
84,sabang,5.8933,95.3214,301.09,77,100,2.96,ID,1682625954
85,port moresby,-9.4431,147.1797,297.83,100,40,1.54,PG,1682625954
86,kyzylorda,44.8528,65.5092,292.16,18,0,5.0,KZ,1682625954
87,port saint john's,-31.6229,29.5448,295.06,83,64,4.28,ZA,1682625955
88,lihue,21.9789,-159.3672,298.92,68,0,4.63,US,1682625955
89,kazaure,12.6513,8.4162,306.65,18,98,1.34,NG,1682625955
90,praya,14.9215,-23.5087,296.45,68,20,7.2,CV,1682625955
91,alofi,-19.0595,-169.9187,298.09,88,100,2.06,NU,1682625956
92,utrik,11.2278,169.8474,299.79,83,66,8.71,MH,1682625893
93,playa del ingles,27.7567,-15.5787,295.01,83,8,0.89,ES,1682625851
94,el calafate,-50.3408,-72.2768,280.78,72,67,2.42,AR,1682625956
95,bredasdorp,-34.5322,20.0403,287.83,80,8,2.84,ZA,1682625957
96,port lincoln,-34.7333,135.8667,288.6,59,100,8.74,AU,1682625957
97,cill airne,52.05,-9.5167,283.78,96,100,0.92,IE,1682625957
98,launceston,-41.45,147.1667,288.95,92,75,7.72,AU,1682625957
99,yeed,4.55,43.0333,301.53,64,100,5.98,SO,1682625957
100,hamilton,39.1834,-84.5333,294.39,41,100,2.24,US,1682625683
101,malango,-2.9627,119.9001,293.38,98,100,0.77,ID,1682625958
102,portland,45.5234,-122.6762,297.13,54,97,2.68,US,1682625739
103,chimoio,-19.1164,33.4833,292.07,88,20,0.68,MZ,1682625958
104,codrington,-38.2667,141.9667,287.17,87,100,6.42,AU,1682625958
105,haiku-pauwela,20.9219,-156.3051,298.24,78,75,6.69,US,1682625958
106,margaret river,-33.95,115.0667,286.14,71,91,3.33,AU,1682625958
107,cestos city,5.46,-9.5828,300.17,79,52,1.0,LR,1682625959
108,ribeira grande,38.5167,-28.7,290.37,88,40,9.39,PT,1682625959
109,barrouallie,13.2333,-61.2667,300.94,79,75,4.12,VC,1682625959
110,college,64.8569,-147.8028,279.12,56,40,1.54,US,1682625933
111,st. john's,47.5649,-52.7093,279.14,82,75,8.23,CA,1682625806
112,gazojak,41.1875,61.4036,295.53,11,1,4.39,TM,1682625960
113,general conesa,-40.1,-64.4333,298.63,23,79,6.95,AR,1682625960
114,puerto ayora,-0.7393,-90.3518,303.13,87,9,4.92,EC,1682625715
115,noumea,-22.2763,166.4572,297.59,99,78,5.78,NC,1682625960
116,koniecpol,50.7747,19.689,279.6,78,10,1.63,PL,1682625960
117,sines,37.9562,-8.8698,292.2,81,73,1.41,PT,1682625961
118,nova sintra,14.8667,-24.7167,292.96,79,13,8.75,CV,1682625961
119,san luis,-33.295,-66.3356,299.37,26,23,4.43,AR,1682625850
120,nova vicosa,-17.8919,-39.3719,299.58,78,2,5.16,BR,1682625779
121,gadzhiyevo,69.2551,33.3362,270.46,85,22,5.74,RU,1682625962
122,chinde,26.8418,88.0763,290.36,37,23,2.55,NP,1682625962
123,grand falls-windsor,48.9332,-55.6649,285.1,46,43,1.79,CA,1682625963
124,isafjordur,66.0755,-23.124,272.23,59,14,3.62,IS,1682625963
125,bilibino,68.0546,166.4372,261.69,80,11,1.17,RU,1682625964
126,chincha alta,-13.4099,-76.1323,298.48,71,16,3.48,PE,1682625965
127,kodiak,57.79,-152.4072,278.88,70,100,1.54,US,1682625756
128,conceicao da barra,-18.5933,-39.7322,299.26,79,3,4.28,BR,1682625895
129,kidal,18.4411,1.4078,305.87,6,0,3.64,ML,1682625967
130,mil'kovo,55.6078,37.7956,288.37,83,56,2.51,RU,1682625967
131,lodwar,3.1191,35.5973,302.95,53,77,6.74,KE,1682625685
132,iskateley,67.6803,53.1512,265.38,94,98,3.89,RU,1682625968
133,cascais,38.6979,-9.4215,299.07,28,0,6.69,PT,1682625969
134,ust-nera,64.5667,143.2,263.46,93,28,0.66,RU,1682625970
135,weno,7.4515,151.8468,298.12,100,100,4.63,FM,1682625972
136,marquette,46.5333,-87.6335,283.17,71,100,3.18,US,1682625973
137,nkove,-7.95,30.85,296.12,77,76,2.97,TZ,1682625975
138,yulinshi,38.2906,109.7494,281.75,63,58,4.07,CN,1682625715
139,praia da vitoria,38.7333,-27.0667,293.29,68,40,7.67,PT,1682625760
140,tiksi,71.6872,128.8694,260.48,90,7,1.72,RU,1682625977
141,talnakh,69.4865,88.3972,261.6,97,98,1.22,RU,1682625940
142,wuwei,37.9281,102.6414,277.5,51,98,9.54,CN,1682625979
143,ebon,4.582,168.6964,301.5,77,88,7.39,MH,1682625980
144,shevchenko,48.5,35.0,286.62,89,100,2.7,UA,1682625980
145,am timan,11.0297,20.2827,304.77,39,100,4.97,TD,1682625981
146,tanaina,61.6269,-149.4281,281.31,49,75,3.6,US,1682625982
147,melekeok village,7.4957,134.6367,300.97,79,60,1.92,PW,1682625983
148,coquimbo,-29.9533,-71.3436,289.0,77,75,4.12,CL,1682625983
149,resita,45.3008,21.8892,277.87,82,15,1.35,RO,1682625986
150,bom jesus,-9.0744,-44.3586,306.01,35,100,2.68,BR,1682625705
151,gaoual,11.75,-13.2,306.54,17,100,1.38,GN,1682625987
152,georgetown,5.4112,100.3354,300.11,94,20,1.03,MY,1682625825
153,bagua grande,-5.7561,-78.4411,301.14,64,85,1.67,PE,1682625988
154,kone,-21.0595,164.8658,294.84,85,45,2.89,NC,1682625988
155,najran,17.4924,44.1277,298.51,36,52,2.97,SA,1682625989
156,kayyerkan,69.3786,87.7439,261.65,100,99,1.73,RU,1682625990
157,hammerfest,70.6634,23.6821,280.4,57,0,6.17,NO,1682625888
158,castillos,-34.1667,-53.8333,292.81,71,0,4.3,UY,1682625991
159,tafuna,-14.3358,-170.72,302.12,94,40,2.06,AS,1682625991
160,port elizabeth,-33.918,25.5701,293.31,87,75,6.17,ZA,1682625886
161,ugoofaaru,5.6667,73.0,301.55,77,29,1.93,MV,1682625922
162,port alberni,49.2413,-124.8028,290.89,58,74,1.34,CA,1682625992
163,guerrero negro,27.9769,-114.0611,293.46,61,16,7.23,MX,1682625993
164,demre,36.2537,29.9777,287.97,82,1,3.3,TR,1682625993
165,bambanglipuro,-7.95,110.2833,298.24,88,100,1.65,ID,1682625994
166,minot air force base,48.4209,-101.3391,281.47,84,100,5.66,US,1682625994
167,tazovsky,67.4667,78.7,266.72,91,100,2.75,RU,1682625993
168,llanelli,51.682,-4.1619,285.86,90,100,5.66,GB,1682625995
169,lompoc,34.6391,-120.4579,301.36,78,40,3.13,US,1682625783
170,usinsk,65.9939,57.5281,267.53,92,58,6.49,RU,1682625997
171,monywa,22.1167,95.1333,305.58,32,0,0.99,MM,1682625997
172,port macquarie,-31.4333,152.9167,286.98,91,20,2.65,AU,1682625998
173,marly,50.3456,3.5496,285.25,86,100,4.59,FR,1682625999
174,ancud,-41.8697,-73.8203,283.99,97,100,3.11,CL,1682625999
175,carbonear,47.7332,-53.2148,279.39,73,21,5.97,CA,1682626000
176,hadibu,12.65,54.0333,301.81,76,55,3.15,YE,1682625929
177,loreto,22.2667,-101.9667,301.5,6,0,7.57,MX,1682626001
178,cabo san lucas,22.8909,-109.9124,301.27,61,0,3.8,MX,1682625790
179,nogliki,51.8333,143.1667,272.04,98,100,4.03,RU,1682626002
180,olyokminsk,60.3736,120.4264,268.72,95,22,0.65,RU,1682626002
181,ventspils,57.3894,21.5606,276.11,93,0,2.06,LV,1682626003
182,sanchez,19.2281,-69.6137,305.16,70,20,6.17,DO,1682626004
183,baissa,7.2333,10.6333,295.48,96,100,0.48,NG,1682626004
184,purwakarta,-6.5569,107.4433,297.57,92,100,0.96,ID,1682626005
185,constantia,44.1833,28.65,280.76,66,100,8.14,RO,1682625778
186,christchurch,-43.5333,172.6333,285.32,86,75,2.06,NZ,1682625967
187,kavaratti,10.5669,72.642,301.47,71,87,0.91,IN,1682626006
188,ormara,25.2088,64.6357,299.28,77,0,3.6,PK,1682626006
189,qaqortoq,60.7167,-46.0333,276.29,72,11,3.3,GL,1682625748
190,saugor,23.8333,78.7167,300.1,39,100,2.63,IN,1682626006
191,keflavik,64.0049,-22.5624,277.39,81,75,3.09,IS,1682626007
192,vila franca do campo,37.7167,-25.4333,291.38,87,99,5.14,PT,1682626007
193,pervomayskoye,43.919,46.7102,284.59,95,60,3.17,RU,1682626007
194,wynyard,-41.0,145.7167,288.14,99,23,3.85,AU,1682625924
195,tralee,52.2704,-9.7026,283.39,95,92,1.66,IE,1682626008
196,rampura,30.25,75.2333,299.0,27,100,2.03,IN,1682626008
197,timbuktu,16.7735,-3.0074,304.67,7,0,2.91,ML,1682626008
198,fedorovskiy,45.0972,40.9517,286.43,89,32,3.45,RU,1682626009
199,badger,64.8,-147.5333,276.0,86,100,1.14,US,1682625717
200,selfoss,63.9331,-20.9971,274.84,100,100,2.92,IS,1682625884
201,karema,-6.8205,30.4389,295.02,86,25,3.11,TZ,1682626009
202,saint-francois,46.4154,3.9054,290.84,68,0,0.0,FR,1682625773
203,port blair,11.6667,92.75,301.58,75,100,1.76,IN,1682626009
204,skeldon,5.8833,-57.1333,300.23,82,80,3.33,GY,1682626010
205,colonia,50.9333,6.95,285.85,52,100,2.33,DE,1682626010
206,ilha de mocambique,-15.0342,40.7358,299.93,68,48,5.76,MZ,1682626010
207,santa cruz,-17.8,-63.1667,299.85,61,75,3.09,BO,1682626010
208,ujae,8.9322,165.7642,300.52,82,27,8.1,MH,1682626010
209,kardla,58.9978,22.7492,275.4,85,0,2.69,EE,1682626010
210,argostolion,38.1811,20.489,287.12,78,0,5.34,GR,1682626011
211,albertina,-22.2008,-46.6158,292.53,85,81,0.85,BR,1682626011
212,el granada,37.5027,-122.4694,305.71,64,75,2.06,US,1682626011
213,uturoa,-16.7333,-151.4333,301.24,76,80,4.31,PF,1682626011
214,east london,-33.0153,27.9116,293.92,70,94,4.25,ZA,1682626011
215,lido di ostia,41.7321,12.2765,290.71,79,0,1.03,IT,1682626012
216,konarka,19.9,86.1167,301.37,84,2,4.13,IN,1682626012
217,kabinda,-6.1333,24.4833,294.16,87,11,2.0,CD,1682626012
218,urzhum,57.1141,49.9996,283.03,94,14,3.35,RU,1682626012
219,kununurra,-15.7667,128.7333,295.14,94,15,0.0,AU,1682626012
220,ketchikan,55.3422,-131.6461,280.14,97,100,4.07,US,1682626013
221,magadan,59.5667,150.8,269.0,76,3,4.71,RU,1682625803
222,san julian,21.0167,-102.1667,302.29,6,6,6.22,MX,1682625908
223,saudarkrokur,65.7461,-19.6394,273.86,57,4,3.49,IS,1682625741
224,washougal,45.5826,-122.3534,297.47,55,0,4.12,US,1682626013
225,baiyin,36.5583,104.2081,279.6,50,100,6.26,CN,1682626014
226,ciudad lazaro cardenas,17.9583,-102.2,302.03,53,100,4.33,MX,1682626014
227,vernon,50.2581,-119.2691,292.2,19,100,0.45,CA,1682626015
228,gizo,-8.103,156.8419,301.44,75,60,2.27,SB,1682625937
229,port alfred,-33.5906,26.891,291.58,86,76,1.79,ZA,1682626015
230,vryburg,-26.9566,24.7284,293.02,47,38,3.44,ZA,1682626015
231,tokar,18.4254,37.729,301.82,69,44,2.69,SD,1682626015
232,fada,9.5667,8.3,294.56,87,100,3.85,NG,1682626015
233,dryden,49.7833,-92.7503,279.28,83,100,1.78,CA,1682626016
234,banovici,44.4053,18.5242,278.4,81,0,0.51,BA,1682626016
235,bubaque,11.2833,-15.8333,299.13,74,50,8.26,GW,1682626016
236,chonchi,-42.6128,-73.8092,284.33,98,100,2.39,CL,1682626016
237,gejiu,23.306,103.1635,286.3,90,68,1.94,CN,1682626016
238,nar'yan-mar,67.6713,53.087,265.36,94,97,3.88,RU,1682626017
239,mayya,61.7333,130.2811,268.77,99,100,1.44,RU,1682626017
240,myanaung,18.2833,95.3167,301.17,57,1,0.24,MM,1682626017
241,lerwick,60.1545,-1.1494,279.15,67,75,6.77,GB,1682626017
242,sikonge,-5.6333,32.7667,294.14,75,100,1.8,TZ,1682626017
243,melfort,52.8667,-104.6177,277.91,63,100,4.13,CA,1682626018
244,pocatello,42.8713,-112.4455,292.14,30,20,9.77,US,1682625960
245,kruisfontein,-34.0033,24.7314,291.42,88,29,3.28,ZA,1682626018
246,hengchun,22.0042,120.7439,297.42,81,88,6.07,TW,1682626018
247,lake city,30.1897,-82.6393,298.52,94,100,1.54,US,1682626018
248,benghazi,32.1167,20.0667,290.58,59,0,7.54,LY,1682626019
249,tayaman,13.2295,120.5726,300.08,76,12,2.21,PH,1682626019
250,sitka,57.0531,-135.33,279.09,87,100,4.12,US,1682626019
251,holualoa,19.6228,-155.9522,298.06,81,40,3.6,US,1682626019
252,moberly,39.4184,-92.4382,293.94,33,0,4.63,US,1682626019
253,carnarvon,-24.8667,113.6333,293.2,49,82,10.45,AU,1682626020
254,san antonio de pale,-1.4014,5.6325,301.26,74,100,0.97,GQ,1682625724
255,lagoa,39.05,-27.9833,288.95,80,6,9.17,PT,1682626020
256,senanga,-16.1167,23.2667,293.29,40,6,2.19,ZM,1682626020
257,buon ma thuot,12.6667,108.05,294.31,93,15,1.5,VN,1682626021
258,kamaishi,39.2667,141.8833,280.49,64,1,3.74,JP,1682626021
259,yanam,16.7333,82.2167,298.96,88,1,0.93,IN,1682626021
260,zambezi,-13.5432,23.1047,290.65,60,3,2.57,ZM,1682626022
261,jalai nur,49.45,117.7,274.64,55,89,2.04,CN,1682626022
262,geraldton,-28.7667,114.6,284.38,76,0,4.63,AU,1682626023
263,acapulco de juarez,16.8634,-99.8901,304.05,58,20,5.14,MX,1682626023
264,krasnokamensk,50.0979,118.0369,273.84,75,53,1.59,RU,1682626024
265,tsiombe,-25.3,45.4833,292.8,89,0,2.77,MG,1682625771
266,afaahiti,-17.75,-149.2833,301.08,81,87,5.45,PF,1682626025
267,gamba,-2.65,10.0,299.53,85,100,1.2,GA,1682626026
268,brazzaville,-4.2658,15.2832,298.01,88,87,1.86,CG,1682626027
269,dzhangala,49.2167,50.3333,289.11,53,0,3.69,KZ,1682626027
270,souillac,-20.5167,57.5167,298.36,78,40,1.54,MU,1682626028
271,bei'an,24.5399,109.533,292.55,95,100,1.65,CN,1682625930
272,khandyga,62.6667,135.6,268.15,99,93,0.12,RU,1682626028
273,joao pinheiro,-17.7425,-46.1725,301.05,46,23,0.81,BR,1682626029
274,zabol,32.25,67.25,289.6,39,11,2.44,AF,1682626030
275,marrakesh,31.6315,-8.0083,307.19,21,40,3.09,MA,1682625934
276,douliu,23.7094,120.5433,295.15,99,79,0.45,TW,1682626033
277,bereznik,62.8551,42.7072,273.91,89,100,3.45,RU,1682626033
278,san rafael,-34.6177,-68.3301,299.45,29,0,4.17,AR,1682626034
279,the bottom,17.6259,-63.2492,301.22,72,87,3.25,BQ,1682626034
280,ola,59.5833,151.2833,270.06,76,1,4.78,RU,1682626034
281,benjamin constant,-4.3831,-70.0311,301.22,78,75,2.57,BR,1682625798
282,twon-brass,4.3151,6.2418,300.08,73,100,7.07,NG,1682625929
283,chibougamau,49.9168,-74.3659,277.75,75,90,1.98,CA,1682626037
284,les sables-d'olonne,46.6667,-1.8333,288.59,94,95,2.36,FR,1682626038
285,batticaloa,7.7102,81.6924,300.42,81,96,3.7,LK,1682626039
286,novokayakent,42.3937,47.9861,285.41,91,16,2.1,RU,1682626040
287,cambria,35.5641,-121.0808,304.01,67,42,2.05,US,1682626032
288,winchester,51.0651,-1.3187,285.73,95,75,3.6,GB,1682625790
289,al muwayh,22.4333,41.7583,299.67,37,51,3.41,SA,1682626042
290,kalispell,48.1958,-114.3129,288.31,29,0,5.66,US,1682625927
291,anadyr,64.75,177.4833,264.43,73,0,5.0,RU,1682625957
292,collingwood,44.4834,-80.2164,287.6,46,94,2.57,CA,1682625980
293,namibe,-15.1961,12.1522,296.34,79,36,3.81,AO,1682626044
294,khark,29.2614,50.3306,297.98,72,0,4.08,IR,1682626045
295,puerto palomas,31.7667,-107.6167,299.02,9,0,4.56,MX,1682626047
296,babayevo,59.3936,35.9371,282.58,81,50,4.67,RU,1682626047
297,vorgashor,67.5833,63.95,264.24,92,15,5.18,RU,1682626049
298,champoton,19.35,-90.7167,309.55,41,100,1.48,MX,1682626049
299,halifax,44.6453,-63.5724,282.97,87,75,5.14,CA,1682625984
300,hovd,48.0056,91.6419,274.64,46,34,0.7,MN,1682626050
301,dalbandin,28.8947,64.4101,297.61,30,26,3.55,PK,1682626051
302,tete,-16.1564,33.5867,293.8,79,64,1.42,MZ,1682626052
303,caohe,30.2297,115.4335,290.78,82,59,2.11,CN,1682626053
304,santiago de cuba,20.0247,-75.8219,303.21,62,40,3.09,CU,1682626053
305,smirnykh,49.75,142.8333,273.22,81,100,1.7,RU,1682626054
306,port shepstone,-30.7414,30.455,295.77,85,70,11.06,ZA,1682626057
307,remire-montjoly,4.9167,-52.2667,300.17,89,0,1.54,GF,1682626058
308,erdenet,49.0333,104.0833,269.01,63,3,1.04,MN,1682626060
309,nemuro,43.3236,145.575,278.37,67,18,6.77,JP,1682626060
310,salinas,36.6777,-121.6555,305.93,48,0,4.63,US,1682625990
311,urangan,-25.3,152.9,294.34,76,1,5.75,AU,1682626061
312,bengkulu,-3.8004,102.2655,297.58,93,100,1.51,ID,1682626061
313,tamandare,-8.7597,-35.1047,299.84,80,100,2.62,BR,1682626062
314,dudinka,69.4058,86.1778,261.83,100,99,1.38,RU,1682625836
315,labytnangi,66.6572,66.4183,267.9,82,100,6.68,RU,1682625965
316,mponela,-13.5319,33.7401,287.89,85,66,2.65,MW,1682626063
317,tucuma,-0.1833,-50.05,297.27,94,100,2.61,BR,1682625828
318,zabaykal'sk,49.6333,117.3167,273.83,52,95,2.32,RU,1682626063
319,greenville,35.6127,-77.3663,292.24,93,100,2.06,US,1682626064
320,ulladulla,-35.35,150.4667,287.61,65,0,2.58,AU,1682626064
321,abepura,-2.6333,140.5833,298.6,89,20,1.03,ID,1682626064
322,fale old settlement,-9.3852,-171.2468,301.61,74,100,5.17,TK,1682626065
323,howard springs,-12.497,131.047,299.1,83,88,2.53,AU,1682626065
324,taksimo,56.3444,114.8794,270.35,74,63,0.35,RU,1682626065
325,dwarka,22.2394,68.9678,299.92,77,6,5.83,IN,1682626065
326,conception bay south,47.4999,-52.9981,279.01,82,13,6.02,CA,1682626066
327,morant bay,17.8815,-76.4093,302.43,63,84,4.67,JM,1682626066
328,richards bay,-28.783,32.0377,297.23,75,26,4.88,ZA,1682626066
329,puerto cabezas,14.0351,-83.3888,303.13,74,40,2.06,NI,1682626066
330,road town,18.4167,-64.6167,302.2,74,20,3.09,VG,1682626067
331,pisco,-13.7,-76.2167,299.18,65,0,8.75,PE,1682626009
332,tir pul,34.5943,61.269,293.85,16,33,4.46,AF,1682626067
333,igbara-odo,7.5025,5.0626,295.99,91,100,0.84,NG,1682626067
334,chernyshevskiy,63.0128,112.4714,269.13,98,100,1.17,RU,1682626068
335,manismata,-2.4667,111.0333,296.43,99,100,0.2,ID,1682626047
336,hithadhoo,-0.6,73.0833,301.62,77,99,3.73,MV,1682626069
337,horta,38.5333,-28.6333,289.95,87,40,9.39,PT,1682626069
338,sumbawa besar,-8.5,117.4333,296.79,94,98,1.18,ID,1682626069
339,daru,-9.0763,143.2092,299.27,85,87,5.08,PG,1682626070
340,maceio,-9.6658,-35.7353,300.84,83,40,4.12,BR,1682625835
341,faya-largeau,17.9257,19.1043,305.6,10,52,4.89,TD,1682625900
342,val-d'or,48.1002,-77.7828,280.49,60,100,3.18,CA,1682626011
343,hohhot,40.8106,111.6522,280.41,61,2,2.64,CN,1682626070
344,la passe,45.5549,-0.8967,292.28,89,96,2.2,FR,1682626071
345,sarila,25.7667,79.6833,303.63,23,97,3.13,IN,1682626071
346,puerto san jose,13.9256,-90.8244,303.99,60,65,5.35,GT,1682626071
347,karasburg,-28.0167,18.75,290.39,29,5,2.73,NA,1682626071
348,karratha,-20.7377,116.8463,299.45,56,98,1.35,AU,1682625807
349,wajir,1.7471,40.0573,300.49,68,99,6.12,KE,1682626072
350,aasiaat,68.7098,-52.8699,272.04,84,29,2.59,GL,1682625975
351,mirnyy,62.5353,113.9611,267.82,98,99,1.57,RU,1682625999
352,francisco i. madero,29.7059,-107.8043,296.5,10,0,1.59,MX,1682626072
353,qina,26.1642,32.7267,301.34,18,0,4.07,EG,1682626073
354,pathein,16.7833,94.7333,298.9,81,0,2.44,MM,1682626073
355,dzhambeyty,50.2536,52.595,287.68,67,5,3.79,KZ,1682626073
356,chipinge,-20.1883,32.6236,287.74,91,2,2.11,ZW,1682626073
357,ronneburg,50.8667,12.1833,281.16,69,100,3.12,DE,1682626074
358,kyshtovka,56.555,76.6271,287.16,53,100,3.55,RU,1682626074
359,berasia,23.6333,77.4333,300.5,39,100,2.57,IN,1682626074
360,rabaul,-4.1967,152.1721,299.53,81,23,1.63,PG,1682626036
361,kiunga,-6.1219,141.2906,295.95,99,98,0.79,PG,1682626074
362,hard bargain,26.3167,-77.5667,298.13,75,7,5.49,BS,1682626075
363,gwaram,11.2764,9.8858,302.25,38,94,3.92,NG,1682626075
364,raichur,16.2,77.3667,301.37,59,0,4.66,IN,1682626076
365,yuzhno-kurilsk,44.0306,145.8556,278.84,75,17,6.49,RU,1682626076
366,long beach,33.767,-118.1892,303.61,77,0,4.12,US,1682626072
367,kasongo-lunda,-6.4667,16.8167,296.71,84,15,0.65,CD,1682626076
368,harper,4.375,-7.7169,300.69,81,65,3.21,LR,1682626077
369,ussel,45.55,2.3167,284.98,96,81,0.15,FR,1682626077
370,columbia city,41.1573,-85.4883,290.72,36,100,4.47,US,1682626077
371,mwaya,-9.55,33.95,295.99,83,90,1.7,TZ,1682626077
372,waliso,8.5333,37.9833,288.07,93,100,0.71,ET,1682626078
373,mount isa,-20.7333,139.5,288.02,82,54,2.06,AU,1682625985
374,namdrik,5.5994,168.1028,301.71,77,100,6.95,MH,1682626078
375,mormugao,15.4,73.8,299.82,75,6,2.52,IN,1682626078
376,luziania,-16.2525,-47.9503,301.98,59,48,3.32,BR,1682625804
377,mizdah,31.4451,12.9801,294.04,34,2,7.41,LY,1682626079
378,mezhdurechenskiy,59.6,65.9333,283.63,89,76,2.35,RU,1682626079
379,labuan,5.2767,115.2417,300.48,82,100,2.67,MY,1682626079
380,punta arenas,-53.15,-70.9167,281.16,61,40,6.17,CL,1682625992
381,pudozh,61.8099,36.5345,280.73,75,90,3.73,RU,1682626079
382,saint-pierre,-21.3393,55.4781,295.97,88,100,3.6,RE,1682626080
383,ulety,51.3572,112.4849,271.72,87,84,0.67,RU,1682626080
384,bandon,51.7469,-8.7425,283.92,99,100,1.08,IE,1682626080
385,buique,-8.6231,-37.1558,296.6,73,76,2.29,BR,1682626080
386,poso,-1.3959,120.7524,301.67,69,100,1.65,ID,1682626081
387,lorengau,-2.0226,147.2712,300.67,79,79,1.23,PG,1682626081
388,puerto aysen,-45.4,-72.7,283.17,76,100,5.14,CL,1682626081
389,antsohihy,-14.8796,47.9875,297.62,79,22,2.43,MG,1682626082
390,sarikei,2.1167,111.5167,296.27,98,97,0.53,MY,1682626083
391,polyarnyye zori,67.3661,32.4981,272.87,94,100,3.41,RU,1682626083
392,acarau,-2.8856,-40.12,298.72,86,100,2.23,BR,1682626055
393,mahina,-17.5065,-149.489,302.02,79,75,3.09,PF,1682625927
394,la'ie,21.6477,-157.9253,297.13,92,18,3.29,US,1682626085
395,lakhipur,26.0299,90.3041,299.65,47,100,0.67,IN,1682626085
396,serang,-6.1149,106.1502,298.78,88,100,1.4,ID,1682626086
397,flying fish cove,-10.4217,105.6791,300.33,81,99,7.66,CX,1682626086
398,thunder bay,48.4001,-89.3168,280.14,70,100,14.4,CA,1682625843
399,isla vista,34.4133,-119.861,301.48,61,40,3.09,US,1682625805
400,concepcion,-36.827,-73.0498,287.04,100,100,5.14,CL,1682625914
401,pacific grove,36.6177,-121.9166,301.67,72,0,4.02,US,1682626088
402,arawa,-6.2132,155.5367,298.43,91,25,0.98,PG,1682626088
403,barclayville,4.6797,-8.2339,299.45,85,60,2.14,LR,1682626089
404,mar del plata,-38.0023,-57.5575,292.5,81,0,3.6,AR,1682626009
405,tibati,6.4667,12.6333,293.3,96,100,2.72,CM,1682626089
